2593580701597045973;МИГРАЦИОННЫЙ ПУНКТ ОТДЕЛЕНИЯ МВД РОССИИ ПО НЯЗЕПЕТРОВСКОМУ МУНИЦИПАЛЬНОМУ РАЙОНУ ЧЕЛЯБИНСКОЙ ОБЛАСТИ
2593588535592227983;УПРАВЛЕНИЕ ПО ВОПРОСАМ МИГРАЦИИ ГУ МВД РОССИИ ПО ЧЕЛЯБИНСКОЙ ОБЛАСТИ
2593599104315561258;ОТДЕЛЕНИЕ ПО ВОПРОСАМ МИГРАЦИИ ОМВД РОССИИ ПО КРАСНОАРМЕЙСКОМУ РАЙОНУ ЧЕЛЯБИНСКОЙ ОБЛАСТИ
2593599053430265092;ОТДЕЛЕНИЕ ПО ВОПРОСАМ МИГРАЦИИ ОМВД РОССИИ ПО ЕМАНЖЕЛИНСКОМУ РАЙОНУ ЧЕЛЯБИНСКОЙ ОБЛАСТИ
2593599088066827550;МИГРАЦИОННЫЙ ПУНКТ ОМВД РОССИИ ПО ЧЕСМЕНСКОМУ РАЙОНУ ЧЕЛЯБИНСКОЙ ОБЛАСТИ
2593599082454848794;ОТДЕЛЕНИЕ ПО ВОПРОСАМ МИГРАЦИИ ОМВД РОССИИ ПО ВЕРХНЕУФАЛЕЙСКОМУ ГОРОДСКОМУ ОКРУГУ ЧЕЛЯБИНСКОЙ ОБЛАСТИ
2593599062708065547;ОТДЕЛЕНИЕ ПО ВОПРОСАМ МИГРАЦИИ ОМВД РОССИИ "КОРКИНСКИЙ" ЧЕЛЯБИНСКОЙ ОБЛАСТИ
2593599066558436622;ОТДЕЛ ПО ВОПРОСАМ МИГРАЦИИ ОТДЕЛА ПОЛИЦИИ «ПРАВОБЕРЕЖНЫЙ» УМВД РОССИИ ПО ГОРОДУ МАГНИТОГОРСКУ ЧЕЛЯБИНСКОЙ ОБЛАСТИ
2593599056072676614;ОТДЕЛ ПО ВОПРОСАМ МИГРАЦИИ ОМВД РОССИИ ПО ЗЛАТОУСТОВСКОМУ ГОРОДСКОМУ ОКРУГУ ЧЕЛЯБИНСКОЙ ОБЛАСТИ
2593599098661639462;ОТДЕЛЕНИЕ ПО ВОПРОСАМ МИГРАЦИИ ОМВД РОССИИ ПО АГАПОВСКОМУ РАЙОНУ ЧЕЛЯБИНСКОЙ ОБЛАСТИ
2593599069301511440;ОТДЕЛ ПО ВОПРОСАМ МИГРАЦИИ УМВД РОССИИ ПО ГОРОДУ МАГНИТОГОРСКУ ЧЕЛЯБИНСКОЙ ОБЛАСТИ
2593599070652077329;ОТДЕЛ ПО ВОПРОСАМ МИГРАЦИИ ОМВД РОССИИ ПО ГОРОДУ МИАССУ ЧЕЛЯБИНСКОЙ ОБЛАСТИ
2593599078336042263;ОТДЕЛ ПО ВОПРОСАМ МИГРАЦИИ ОМВД РОССИИ ПО СОСНОВСКОМУ РАЙОНУ ЧЕЛЯБИНСКОЙ ОБЛАСТИ
2593599061441385738;ОТДЕЛЕНИЕ ПО ВОПРОСАМ МИГРАЦИИ ОМВД РОССИИ ПО КАТАВ-ИВАНОВСКОМУ РАЙОНУ ЧЕЛЯБИНСКОЙ ОБЛАСТИ
2593599060191483145;ОТДЕЛЕНИЕ ПО ВОПРОСАМ МИГРАЦИИ ОМВД РОССИИ ПО КАСЛИНСКОМУ РАЙОНУ ЧЕЛЯБИНСКОЙ ОБЛАСТИ
2593599050745910530;ОТДЕЛЕНИЕ ПО ВОПРОСАМ МИГРАЦИИ ОМВД РОССИИ ПО БРЕДИНСКОМУ РАЙОНУ ЧЕЛЯБИНСКОЙ ОБЛАСТИ
2593599077027419414;ОТДЕЛ ПО ВОПРОСАМ МИГРАЦИИ ОМВД РОССИИ ПО САТКИНСКОМУ РАЙОНУ ЧЕЛЯБИНСКОЙ ОБЛАСТИ
2593599054747276549;ОТДЕЛЕНИЕ ПО ВОПРОСАМ МИГРАЦИИ ОМВД РОССИИ ПО ЕТКУЛЬСКОМУ РАЙОНУ ЧЕЛЯБИНСКОЙ ОБЛАСТИ
2593599075651687701;МИГРАЦИОННЫЙ ПУНКТ ОМВД РОССИИ ПО ОКТЯБРЬСКОМУ РАЙОНУ ЧЕЛЯБИНСКОЙ ОБЛАСТИ
2593599089375450399;ОТДЕЛ ПО ВОПРОСАМ МИГРАЦИИ МО МВД РОССИИ «ЮЖНОУРАЛЬСКИЙ» ЧЕЛЯБИНСКОЙ ОБЛАСТИ
2593599063966356748;ОТДЕЛЕНИЕ ПО ВОПРОСАМ МИГРАЦИИ ОМВД РОССИИ ПО КУНАШАКСКОМУ РАЙОНУ ЧЕЛЯБИНСКОЙ ОБЛАСТИ
2593599108333704493;МИГРАЦИОННЫЙ ПУНКТ ОМВД РОССИИ ПО УЙСКОМУ РАЙОНУ ЧЕЛЯБИНСКОЙ ОБЛАСТИ
2593599102763668777;МИГРАЦИОННЫЙ ПУНКТ ОМВД РОССИИ ПО КИЗИЛЬСКОМУ РАЙОНУ ЧЕЛЯБИНСКОЙ ОБЛАСТИ
2593599086774981917;ОТДЕЛ ПО ВОПРОСАМ МИГРАЦИИ МО МВД РОССИИ «ЧЕБАРКУЛЬСКИЙ» ЧЕЛЯБИНСКОЙ ОБЛАСТИ
2593599065157539085;МИГРАЦИОННЫЙ ПУНКТ ОМВД РОССИИ ПО КУСИНСКОМУ РАЙОНУ ЧЕЛЯБИНСКОЙ ОБЛАСТИ
2593599105657738539;ОТДЕЛ ПО ВОПРОСАМ МИГРАЦИИ ОТДЕЛА ПОЛИЦИИ «ЛЕНИНСКИЙ» УПРАВЛЕНИЯ МВД РОССИИ ПО ГОРОДУ МАГНИТОГОРСКУ ЧЕЛЯБИНСКОЙ ОБЛАСТИ
2593599067917391119;ОТДЕЛ ПО ВОПРОСАМ МИГРАЦИИ МО МВД РОССИИ «КЫШТЫМСКИЙ» ЧЕЛЯБИНСКОЙ ОБЛАСТИ
2593599049487619329;ОТДЕЛ ПО ВОПРОСАМ МИГРАЦИИ ОМВД РОССИИ ПО АШИНСКОМУ РАЙОНУ ЧЕЛЯБИНСКОЙ ОБЛАСТИ
2593599052138419459;ОТДЕЛЕНИЕ ПО ВОПРОСАМ МИГРАЦИИ ОМВД РОССИИ ПО ВЕРХНЕУРАЛЬСКОМУ РАЙОНУ ЧЕЛЯБИНСКОЙ ОБЛАСТИ
2593599110145643822;ОТДЕЛ ПО ВОПРОСАМ МИГРАЦИИ ОТДЕЛА ПОЛИЦИИ «КАЛИНИНСКИЙ» УМВД РОССИИ ПО ГОРОДУ ЧЕЛЯБИНСКУ
2593599111420712239;ОТДЕЛ ПО ВОПРОСАМ МИГРАЦИИ ОТДЕЛА ПОЛИЦИИ «КУРЧАТОВСКИЙ» УМВД РОССИИ ПО ГОРОДУ ЧЕЛЯБИНСКУ
2593599107041858860;ОТДЕЛЕНИЕ ПО ВОПРОСАМ МИГРАЦИИ ОМВД РОССИИ ПО ПЛАСТОВСКОМУ РАЙОНУ ЧЕЛЯБИНСКОЙ ОБЛАСТИ
2593599081188168985;МИГРАЦИОННЫЙ ПУНКТ ОТДЕЛА ПОЛИЦИИ «УВЕЛЬСКИЙ» МО МВД РОССИИ «ЮЖНОУРАЛЬСКИЙ» ЧЕЛЯБИНСКОЙ ОБЛАСТИ
2593599090860234016;ОТДЕЛЕНИЕ ПО ВОПРОСАМ МИГРАЦИИ ОМВД РОССИИ ПО ЗАКРЫТОМУ АДМИНИСТРАТИВНО-ТЕРРИТОРИАЛЬНОМУ ОБРАЗОВАНИЮ ГОРОД СНЕЖИНСК ЧЕЛЯБИНСКОЙ ОБЛАСТИ
2593599058866083080;ОТДЕЛЕНИЕ ПО ВОПРОСАМ МИГРАЦИИ МО МВД РОССИИ "КАРТАЛИНСКИЙ" ЧЕЛЯБИНСКОЙ ОБЛАСТИ
2593599093460702498;ОТДЕЛ ПО ВОПРОСАМ МИГРАЦИИ ОТДЕЛА ПОЛИЦИИ «ЛЕНИНСКИЙ» УМВД РОССИИ ПО ГОРОДУ ЧЕЛЯБИНСКУ
2593599096245720356;ОТДЕЛЕНИЕ ПО ВОПРОСАМ МИГРАЦИИ МО МВД РОССИИ ПО ЗАКРЫТОМУ АДМИНИСТРАТИВНО-ТЕРРИТОРИАЛЬНОМУ ОБРАЗОВАНИЮ ГОРОД ТРЕХГОРНЫЙ ЧЕЛЯБИНСКОЙ ОБЛАСТИ
2593599092084970785;ОТДЕЛ ПО ВОПРОСАМ МИГРАЦИИ УМВД РОССИИ ПО ЗАКРЫТОМУ АДМИНИСТРАТИВНО-ТЕРРИТОРИАЛЬНОМУ ОБРАЗОВАНИЮ ГОРОД ОЗЕРСК ЧЕЛЯБИНСКОЙ ОБЛАСТИ
2593599057314190599;МИГРАЦИОННЫЙ ПУНКТ ОТДЕЛЕНИЯ ПОЛИЦИИ «КАРАБАШСКОЕ» МО МВД РОССИИ «КЫШТЫМСКИЙ» ЧЕЛЯБИНСКОЙ ОБЛАСТИ
2593599100045759783;ОТДЕЛЕНИЕ ПО ВОПРОСАМ МИГРАЦИИ ОМВД РОССИИ ПО ВАРНЕНСКОМУ РАЙОНУ ЧЕЛЯБИНСКОЙ ОБЛАСТИ
2593599083813803291;ОТДЕЛ ПО ВОПРОСАМ МИГРАЦИИ ОТДЕЛА ПОЛИЦИИ «СОВЕТСКИЙ» УМВД РОССИИ ПО ГОРОДУ ЧЕЛЯБИНСКУ
2593599094802879779;ОТДЕЛ ПО ВОПРОСАМ МИГРАЦИИ ОТДЕЛА ПОЛИЦИИ «МЕТАЛЛУРГИЧЕСКИЙ» УМВД РОССИИ ПО ГОРОДУ ЧЕЛЯБИНСКУ
2593599085348918556;МИГРАЦИОННЫЙ ПУНКТ ОМВД РОССИИ ПО УСТЬ-КАТАВСКОМУ ГОРОДСКОМУ ОКРУГУ ЧЕЛЯБИНСКОЙ ОБЛАСТИ
2593598979669234884;ОТДЕЛ ПО ВОПРОСАМ МИГРАЦИИ ОТДЕЛА ПОЛИЦИИ «ОРДЖОНИКИДЗЕВСКИЙ» УМВД РОССИИ ПО ГОРОДУ МАГНИТОГОРСКУ ЧЕЛЯБИНСКОЙ ОБЛАСТИ
2593599048296436992;ОТДЕЛЕНИЕ ПО ВОПРОСАМ МИГРАЦИИ ОМВД РОССИИ ПО АРГАЯШСКОМУ РАЙОНУ ЧЕЛЯБИНСКОЙ ОБЛАСТИ
2593599079753717016;ОТДЕЛ ПО ВОПРОСАМ МИГРАЦИИ МО МВД РОССИИ «ТРОИЦКИЙ» ЧЕЛЯБИНСКОЙ ОБЛАСТИ
2593599115061368114;ОТДЕЛ ПО ВОПРОСАМ МИГРАЦИИ ОМВД РОССИИ ПО ГОРОДУ КОПЕЙСКУ ЧЕЛЯБИНСКОЙ ОБЛАСТИ
2593599112637060400;ОТДЕЛ ПО ВОПРОСАМ МИГРАЦИИ ОТДЕЛА ПОЛИЦИИ «ТРАКТОРОЗАВОДСКИЙ» УМВД РОССИИ ПО ГОРОДУ ЧЕЛЯБИНСКУ
2593599113744356657;ОТДЕЛ ПО ВОПРОСАМ МИГРАЦИИ ОТДЕЛА ПОЛИЦИИ «ЦЕНТРАЛЬНЫЙ» УМВД РОССИИ ПО ГОРОДУ ЧЕЛЯБИНСКУ
2892161368549496161;ОТДЕЛЕНИЕ ПО ВОПРОСАМ МИГРАЦИИ ОМВД РОССИИ ПО НАГАЙБАКСКОМУ РАЙОНУ ЧЕЛЯБИНСКОЙ ОБЛАСТИ
